<?xml version="1.0" encoding="UTF-8"?><module codename="org.netbeans.core.netigso">
    <module_version install_time="1447094005543" last="true" origin="installer" specification_version="1.26.1">
        <file crc="3723901005" name="config/Modules/org-netbeans-core-netigso.xml"/>
        <file crc="2181769908" name="modules/locale/org-netbeans-core-netigso_ja.jar"/>
        <file crc="2241862644" name="modules/locale/org-netbeans-core-netigso_pt_BR.jar"/>
        <file crc="2331305760" name="modules/locale/org-netbeans-core-netigso_ru.jar"/>
        <file crc="356213847" name="modules/locale/org-netbeans-core-netigso_zh_CN.jar"/>
        <file crc="3330334306" name="modules/org-netbeans-core-netigso.jar"/>
    </module_version>
</module>
