<?xml version="1.0" encoding="UTF-8"?><module codename="org.netbeans.libs.jna.platform/1">
    <module_version install_time="1447094005824" last="true" origin="installer" specification_version="1.5.1">
        <file crc="2225677004" name="config/Modules/org-netbeans-libs-jna-platform.xml"/>
        <file crc="470554309" name="modules/ext/platform-3.4.0.jar"/>
        <file crc="379760450" name="modules/locale/org-netbeans-libs-jna-platform_ja.jar"/>
        <file crc="2687588455" name="modules/locale/org-netbeans-libs-jna-platform_pt_BR.jar"/>
        <file crc="3861915281" name="modules/locale/org-netbeans-libs-jna-platform_ru.jar"/>
        <file crc="1958176119" name="modules/locale/org-netbeans-libs-jna-platform_zh_CN.jar"/>
        <file crc="2834980056" name="modules/org-netbeans-libs-jna-platform.jar"/>
    </module_version>
</module>
