<?xml version="1.0" encoding="UTF-8"?><module codename="org.openide.filesystems">
    <module_version install_time="1447094005224" last="true" origin="installer" specification_version="8.10.1">
        <file crc="4169761098" name="config/ModuleAutoDeps/org-openide-filesystems.xml"/>
        <file crc="4229607157" name="core/locale/org-openide-filesystems_ja.jar"/>
        <file crc="4094173845" name="core/locale/org-openide-filesystems_pt_BR.jar"/>
        <file crc="382032506" name="core/locale/org-openide-filesystems_ru.jar"/>
        <file crc="1124514079" name="core/locale/org-openide-filesystems_zh_CN.jar"/>
        <file crc="1704033635" name="core/org-openide-filesystems.jar"/>
    </module_version>
</module>
